id,first_name,last_name
1,Izaak,Dyble
2,Wilona,Mose
3,Janetta,Pittet
4,Kelsey,Baynham
5,Donaugh,Vasentsov
6,Glendon,Mitkov
7,Patten,Utteridge
8,Haze,Janus
9,Frank,Dy
10,Keven,Triplet
11,Olly,Bowmer
12,Tessie,Huggen
13,Timmy,Rance
14,Colleen,Iffe
15,Leona,Wem
16,Abram,Goghin
17,Lauri,Bunclark
18,Bink,Oxenham
19,Norry,Levensky
20,Linc,Cain
21,Heriberto,Rowbottom
22,Rollins,Rickardsson
23,Ilse,Angrick
24,Mischa,Mungham
25,Coretta,O' Shea
26,Courtney,Bickardike
27,Carree,Alldritt
28,Norma,Langeren
29,Rolfe,Feldhuhn
30,Inna,Dalziel
31,Damiano,Gaynsford
32,Adelle,Deedes
33,Kare,Allingham
34,Ricki,Ludford
35,Thorndike,Guidi
36,Jocelyne,Tooley
37,Thorin,Dowson
38,Katinka,Crumley
39,Gay,Empleton
40,Remington,Butterwick
41,Prentice,Hugonet
42,Meredith,Daltrey
43,Holmes,Edlington
44,Shellie,Bordis
45,Oralee,Claybourne
46,Bell,Mushawe
47,Rebbecca,Milham
48,Lizette,Blanket
49,Leela,Spitaro
50,Karlotta,Linford
51,Louis,Cohrs
52,Tatum,Picott
53,Langsdon,Bartzen
54,Kurtis,Crane
55,Bonnee,Connar
56,Shawn,Idell
57,Ashton,Blazynski
58,Ibby,Thorald
59,Mitchel,Sparks
60,Cristobal,Peiser
61,Griz,Bolsover
62,Rennie,Patington
63,Evyn,MacGill
64,Haven,Worboy
65,Cordi,Anscombe
66,Ellyn,Matuszinski
67,Guendolen,Cronkshaw
68,Gallard,McOrkill
69,Melva,Gooly
70,Tami,Jacombs
71,Anastasie,Shinner
72,Lucien,Pohls
73,Whitney,Tonnesen
74,Wye,Bisseker
75,Shelagh,Reuven
76,Frederick,Bumpus
77,Franchot,McIan
78,Sayres,Joseland
79,Minnnie,Laycock
80,Eula,Bernardo
81,Madison,Patnelli
82,Elisha,Rignoldes
83,Jonah,Pinney
84,Selena,Greguol
85,Rodd,Pelman
86,Alyse,Corton
87,Ellwood,Rumin
88,Anissa,Henriet
89,Katerina,Darko
90,James,Penn
91,Elicia,Polle
92,Celle,MacCaghan
93,Nolan,Marvell
94,Susan,Levane
95,Paddy,Goff
96,Jeremy,Meeks
97,Sheena,Rudyard
98,Brina,Covendon
99,Brandi,Stonelake
100,Jerrine,Evemy
101,Sib,Thebes
102,Grissel,Lowell
103,Tynan,Wholesworth
104,Justina,Collison
105,Andris,Hatchman
106,Elisabeth,Jolliman
107,Belle,Koopman
108,Fanni,O'Kinneally
109,Renae,Rodolf
110,Bertina,Youtead
111,Kakalina,Fanton
112,Lolita,Darth
113,Adah,Emmert
114,Roland,Kippins
115,Georgia,Libby
116,Fletch,Weich
117,Renate,Balazs
118,Florence,Feuell
119,Maryann,Gatlin
120,Lacee,Pellew
121,Loralyn,Kerrich
122,Rena,Fransseni
123,Saunderson,Rubenov
124,Caresa,Chill
125,Genovera,Balsellie
126,Tawsha,Handmore
127,Thebault,Gounet
128,Pauli,Barukh
129,Tallie,Bruggen
130,Ermin,Heinish
131,Myrah,Ehrat
132,Vinson,Hugk
133,Morton,Mabon
134,Terri,Bratchell
135,Dugald,Carlsen
136,Tabina,Krol
137,Elsie,Courtier
138,Charmian,Dugmore
139,Tatum,Trigwell
140,Morten,Gullen
141,Weber,Prangle
142,Gaven,Bourner
143,Rick,Cantwell
144,Antony,Dyhouse
145,Nevsa,Gaskell
146,Yetty,Carlick
147,Pet,Purrington
148,Ev,Hartwright
149,Rena,Scatcher
150,Olav,Alejandri
151,Lucina,Jorn
152,Pembroke,Barsby
153,Leeann,Whayman
154,Alisha,Gostage
155,Joannes,Elderfield
156,Hort,Povah
157,Ailis,Gensavage
158,Keir,Graveston
159,Jareb,Tribble
160,Trixie,Montez
161,Sergei,Hawkey
162,Tommie,McGoogan
163,Adelina,Copley
164,Ermina,Baton
165,Hortense,Davion
166,Natty,Overbury
167,Davide,Fernandez
168,Charin,Lympany
169,Nicki,Downgate
170,Tonnie,Dash
171,Lennie,McNicol
172,Conrad,Schumacher
173,Talbot,Romain
174,Cornelia,Pughe
175,Doralin,Viggars
176,Maurice,Bernon
177,Angie,Gilbride
178,Kerry,Skitt
179,Geno,MacVagh
180,Hana,Hains
181,Reeba,Cheyne
182,Fernande,Somerton
183,Valentina,Dionisii
184,Eudora,Stennard
185,Alane,Viccars
186,Toinette,Kuhnel
187,Davine,Kinker
188,Fredric,Deble
189,Sisile,Shurrock
190,Ansell,Hamper
191,Minny,Frosch
192,Mahmud,Poynser
193,Sinclare,Philippou
194,Amandie,Stookes
195,Ediva,Blaszczak
196,Ginny,Sleith
197,Siobhan,Patillo
198,Harry,Rollett
199,Ward,Dunsire
200,Darsey,Luby
201,Darsie,Mabbott
202,Lorraine,Richardon
203,Bree,Overshott
204,Conrad,Kornas
205,Shawn,Cowtherd
206,Cleve,Ciobotaru
207,Sasha,Rosenbaum
208,Matthieu,Sinnock
209,Jacinta,Caddy
210,Vito,Caines
211,Lorri,Tames
212,Hamil,Mahy
213,Flin,Garmston
214,Cacilie,Asipenko
215,Laraine,Roswarne
216,Berri,Tomadoni
217,Trudi,Macartney
218,Rozella,Duchenne
219,Ainslie,Frizzell
220,Gretel,Falshaw
221,Cecil,Godsafe
222,Pepi,Mensler
223,Lizabeth,L'Homme
224,Becky,Drowsfield
225,Krystal,Cordell
226,Bernie,Cronchey
227,Murry,Heart
228,Yasmeen,McInerney
229,Maisey,Comelini
230,Laurianne,Wimbury
231,Gayler,Eldered
232,Jorgan,Grouse
233,Jeremias,Mathouse
234,Sylas,Higgen
235,Oralie,Ledgeway
236,Nester,Lyddiard
237,Alon,Sinnott
238,Amelia,Menzies
239,Norbie,Frankling
240,Elspeth,Moxson
241,Brennan,Sivior
242,Kristina,Chittie
243,Vina,Fergusson
244,Raynell,Scrimgeour
245,Ollie,Plak
246,Phillip,Dimmick
247,Carey,Klemensiewicz
248,Rennie,Osburn
249,Ringo,Phelp
250,Vittorio,Abreheart
251,Marlo,Claeskens
252,Lonny,Claiton
253,Iggie,Farres
254,Rockie,Nunns
255,Twyla,McMackin
256,Maria,Demogeot
257,Hayyim,Biskup
258,Teddie,Strethill
259,Alta,Gaytor
260,Raimondo,D'eye
261,Emerson,Bernardino
262,Adriane,Sword
263,Kiah,Tinwell
264,Cob,Georgiades
265,Kristin,Breslane
266,Lizzie,Emms
267,Bar,Sabatier
268,Korey,Fallow
269,Vanni,Cansdall
270,Sigvard,Joe
271,Reginauld,Yarham
272,Thom,Pyke
273,Les,Gelsthorpe
274,Jude,Fundell
275,Bernardina,Vasilevich
276,Mario,Yarrington
277,Mackenzie,Kibbye
278,Jacquelyn,Welden
279,Audie,Crust
280,Salvidor,Simonelli
281,Mace,Canham
282,Eugenie,Hessing
283,Juliane,Cestard
284,Alexei,Andrin
285,Latashia,Brothwell
286,Marena,Gregs
287,Yolanthe,Phippin
288,Raviv,Langridge
289,Angelique,Mahomet
290,Babita,Breckenridge
291,Leona,Blyth
292,Marleah,Quan
293,Hewett,Batt
294,Jeddy,Conisbee
295,Garner,Tabram
296,Dion,Coalburn
297,Anastasia,Walkey
298,Kerry,Ghidoni
299,Phyllida,Colcomb
300,May,Rubinivitz
301,Alanah,Littlewood
302,Kali,Costerd
303,Jacquelyn,Curcher
304,Jarrett,Itter
305,Rubie,Goldthorpe
306,Stephana,MacDirmid
307,Benedick,Perrinchief
308,Corrianne,Franceschino
309,Griffy,Yurchishin
310,Douglass,Custard
311,Andrei,Leckie
312,Cathrine,Evins
313,Annmaria,Ferrao
314,Vladamir,Mouncher
315,Rivy,McKerlie
316,Delphinia,Gives
317,Anet,Griswaite
318,Erny,Ingolotti
319,Cissy,Duffet
320,Nickolaus,Attride
321,Dolli,Voss
322,Beret,Peebles
323,Charlena,Blatcher
324,Murry,Huygen
325,Franni,Fones
326,Chris,Frede
327,Brooke,Mathiasen
328,Francklyn,Challenger
329,Hildegaard,Liffey
330,Lorain,Klemmt
331,Monique,Derell
332,Elena,Gooddy
333,Teddy,Goldson
334,Joell,Hassard
335,Aurora,Walklott
336,Timmy,Kingsnode
337,Justino,Billborough
338,Myrlene,Treffry
339,Carlen,Kingsmill
340,Ralina,Illyes
341,Valentijn,Gatesman
342,Jobye,Stillgoe
343,Skipton,Durbyn
344,Ruperta,Simonelli
345,Nadeen,Posse
346,Ibbie,Toplis
347,Jdavie,Writer
348,Nataline,Aleksankin
349,Cliff,Renshell
350,Eadie,McEnhill
351,Guendolen,Ishak
352,Wallace,Summerbell
353,Nahum,Tamsett
354,Jackson,Faircliffe
355,Kessia,Gooden
356,Vida,Buckie
357,Matelda,Mashal
358,Maxy,Goatman
359,Cleopatra,Rabjohn
360,Nickolaus,Gilstoun
361,Bordie,Cutbush
362,Kippie,Dymidowicz
363,Karrah,Rosenkrantz
364,Stefania,Gyles
365,Dode,MacGiolla Pheadair
366,Ag,Braga
367,Ethel,Sharkey
368,Aila,Mollatt
369,Ximenez,Pughsley
370,Renell,Tappin
371,Gerri,Burds
372,Harry,Downing
373,Giraldo,Dupoy
374,Matthias,Kighly
375,Gilberta,Mirfield
376,Selene,Begin
377,Cheri,Vitler
378,Holmes,Rosengren
379,Flor,Cabotto
380,Faye,Darwin
381,Dorey,Haestier
382,Fae,Cranmere
383,Deirdre,Leggett
384,Brook,Dysart
385,Morly,Ferronel
386,Thatcher,Esson
387,Lena,Etches
388,Tris,McCullouch
389,Fitz,Fradson
390,Valentin,Fanshaw
391,Consuela,Bensusan
392,Haslett,Drivers
393,Winslow,Dalgarnowch
394,Lilah,Kingerby
395,Ivett,Godlip
396,Tanya,Burridge
397,Gunilla,Smorthit
398,Lurline,McCromley
399,Kippie,Daborn
400,Kale,Mellows
401,Alfonso,Pankethman
402,Leyla,Linstead
403,Wittie,Liversley
404,Allix,Banbridge
405,Brendis,Wragge
406,Jobye,Mussetti
407,Charyl,Goodbar
408,Cris,Surtees
409,Ingemar,Jewster
410,Renard,Maccrae
411,Aubrie,Cuddihy
412,Truman,Barroux
413,Zondra,Kerrich
414,Tanny,Isselee
415,Rubetta,Papworth
416,Willi,Jellard
417,Fayette,Medmore
418,Thain,Bisacre
419,Chris,Schwand
420,Torey,Thatcher
421,Arabel,Fuzzens
422,Carter,Cockerton
423,Rici,MacAdie
424,Ranna,Kindell
425,Lucille,Yetton
426,Natala,Tinline
427,Lorelle,Farge
428,Ida,Capell
429,Antons,Dunstone
430,Rex,Monnery
431,Eustacia,Tilliards
432,Terri,Gittoes
433,Laurianne,Shillam
434,Ogdan,McTavish
435,Seamus,Sellen
436,Aimee,Garlett
437,Eran,Brimham
438,Lianne,Tiltman
439,Tabatha,Eddisforth
440,Quinlan,Keningham
441,Fredrick,Llewelyn
442,Kerrill,Holtaway
443,Stefano,Capner
444,Stace,Sharpley
445,Daryn,McAnalley
446,Nicholas,Wones
447,Keenan,Shitliff
448,Arabele,Peschka
449,Ferdie,Doyle
450,Levi,Crinage
451,Stacia,Forte
452,Estele,Corain
453,Ian,Babbidge
454,Desmond,Skeat
455,Karlyn,Shard
456,Kimbra,Kilcoyne
457,Doy,Gellibrand
458,Geri,Mecco
459,Irene,Flahy
460,Tiffany,Silly
461,Milicent,Debenham
462,Beau,Gumbley
463,Zarla,Barley
464,Garth,Roney
465,Nataniel,Griston
466,Ed,Iacovelli
467,Kliment,Jendrusch
468,Cortney,Henricsson
469,Ulric,Camplin
470,Pall,Noury
471,Montague,Vellender
472,Alf,Hanshawe
473,Claybourne,Sans
474,Ingrid,Dunstone
475,Vevay,Akers
476,Darla,Gerard
477,Melanie,Stockport
478,Blakelee,Heningam
479,Bamby,Moorrud
480,Jobina,Boddy
481,Haily,Sheehy
482,Alva,O'Hagerty
483,Stevena,Worters
484,Anthony,Bagley
485,Renault,Minogue
486,Gert,Blagburn
487,Gill,Eiler
488,Imojean,Tertre
489,Bella,Load
490,Trev,Schohier
491,Vickie,Ragate
492,Murray,Spering
493,Barnabas,O'Dwyer
494,Anson,Brocklesby
495,Sherrie,Chasle
496,Christina,McShane
497,Corey,Nutkin
498,Ceil,Pepperd
499,Emmalyn,Sheryn
500,Dedra,Brewster
501,Cory,Lashley
502,Morgan,Kentish
503,Beltran,Berriball
504,Gayel,Jouen
505,Petronella,Majury
506,Hirsch,Arnaez
507,Marla,Ferrelli
508,Urbano,Woodlands
509,Brander,January 1st
510,Gib,Leatham
511,Cecilius,Chmarny
512,Sally,Santello
513,Rorie,Boon
514,Flore,Roulston
515,Jacqui,Dovidian
516,Gwyn,Hedman
517,Lucilia,Sherr
518,Rockwell,Frail
519,Joachim,Weald
520,Cloe,Heskins
521,Bastian,Pitcaithly
522,Fidelity,Kielty
523,Minda,Backsal
524,Ole,Issitt
525,Demetra,Cane
526,Thornie,Wickwar
527,Falkner,Gripton
528,Barrie,Culy
529,Dorian,Lebreton
530,Isidro,Chipchase
531,Sheela,Rosini
532,Lissa,Stainbridge
533,Howie,Maleham
534,Fanechka,Spikings
535,Dalt,Quinnelly
536,Margette,Higginbottam
537,Arly,Cofax
538,Ruth,Weins
539,Min,Dillingston
540,Cristie,Benaine
541,Petronilla,Guwer
542,Dorolisa,Hylands
543,Worthington,Muneely
544,Trisha,Parman
545,Zelma,Domonkos
546,Frederigo,Bartlam
547,Martelle,Cyples
548,Boigie,Wolverson
549,Sayre,Abramowitz
550,Hew,Bessent
551,Rodrick,Dennehy
552,Leontine,Pedycan
553,Nerty,Swannie
554,Bay,Satterfitt
555,Nike,Egiloff
556,Broderick,Bondy
557,Brice,Sworne
558,Candi,Koeppke
559,Lois,Langston
560,Judd,Gansbuhler
561,Jo,Ida
562,Alfie,Trevaskus
563,Ivette,Gascoyen
564,Oates,Trevallion
565,Sharity,Dorrins
566,Erin,Rochewell
567,Christy,Marzelli
568,Robby,Goodburn
569,Malvina,Goady
570,Colas,Mundall
571,Mead,Tunsley
572,Beulah,Ivanuschka
573,Kevan,Lansdowne
574,Kirstyn,Prenty
575,Albrecht,Bigly
576,Nettle,Longmate
577,Archibaldo,Marzelli
578,Leonelle,Goodreid
579,Douglas,Togwell
580,Addison,Gentner
581,Walden,Sambrook
582,Panchito,Baptist
583,Scarface,Harlin
584,Ambros,Wyllis
585,Jermaine,Deakan
586,Ursola,Yesichev
587,Muhammad,Bradtke
588,Kalil,Denman
589,Aveline,Marcham
590,Carolyn,Nuccii
591,Rosalinde,Sember
592,Ker,Gabbott
593,Lyon,Snar
594,Silvan,Hathway
595,Elbert,Gossage
596,Lissa,Forkan
597,Arne,Pygott
598,Dare,Grubbe
599,Bron,McQuin
600,Cloris,Frame
601,Robinet,MacGhee
602,Keriann,Wintle
603,Alaine,Gifford
604,Howey,Delcastel
605,Oby,Standering
606,Boyd,Housegoe
607,Hurlee,Staite
608,Jerrold,Benedite
609,Wells,Yaneev
610,Kienan,Hengoed
611,Mycah,Twittey
612,Ransell,Mulrean
613,Jone,Hoxey
614,Delmor,Kynge
615,Davy,Bettles
616,Alexia,Marioneau
617,Mart,Kernock
618,Dalia,Callis
619,Tamas,Rothwell
620,Roxy,Velareal
621,Herby,Burghall
622,Bevin,Tagg
623,Cecily,Dedden
624,Muffin,Whitlam
625,Adela,Brownlie
626,Mendy,Twining
627,Pietra,Bruneton
628,Becki,Leman
629,Blythe,Charrett
630,Klarika,House
631,Aurel,MacTrustey
632,Emelita,Lintill
633,Nataline,Penwell
634,Alix,McGilroy
635,Crystal,Baldoni
636,Britte,Harhoff
637,Guido,Scopyn
638,Shirlene,Edmund
639,Viviyan,Snadden
640,Boyce,Chaulk
641,Lauren,Corrigan
642,Gardener,Van Leeuwen
643,Gar,Regi
644,Gardiner,Coldridge
645,Pru,Cordelle
646,Debby,Danter
647,Cleon,Cabotto
648,Nevin,Comoletti
649,Adriaens,Russel
650,Alvira,Dungey
651,Bibbye,Tester
652,Randall,Neal
653,Tailor,MacAskie
654,Aprilette,Mora
655,Joni,Pariss
656,Guido,Stable
657,Clovis,Greer
658,Amalia,Harbottle
659,George,Langran
660,Rabi,Rawcliffe
661,Adi,Espinha
662,Rozelle,Arthars
663,Pattie,Shyre
664,Sapphira,Hostan
665,Esra,Luety
666,Korie,Featonby
667,Wendel,Prestidge
668,Carly,Tilbrook
669,Jesse,Thoday
670,Birk,Elsworth
671,Xaviera,Mulqueeny
672,Perle,Briffett
673,Marjie,Stacy
674,Clem,Parsonson
675,Temp,Zealander
676,Danit,Faragan
677,Currey,Kaliszewski
678,Harv,Pickring
679,Desirae,Hakey
680,Cookie,Larrad
681,Franni,Beazer
682,Eward,Borthwick
683,Dagny,Acreman
684,Darlene,Dewfall
685,Retha,Rosander
686,Joey,Cloney
687,Gavra,Dibner
688,Matty,Shankster
689,Saidee,Stredder
690,Zacharie,Switland
691,Aldric,Donan
692,Rosalinda,Knevit
693,Ryun,Thurgood
694,Cleon,Danielian
695,Etheline,MacCorkell
696,Marcella,Mephan
697,Winonah,Shanley
698,Belinda,McPike
699,Artur,Gobbet
700,Wesley,Rimer
701,Amabel,Cromie
702,Raynor,Lapping
703,Nikolos,Lightwood
704,Forest,Draper
705,Maynord,Farnsworth
706,Ulberto,Chattelaine
707,Margaret,Olohan
708,Tiffy,D'Antoni
709,Fernanda,Sebley
710,Beatriz,Rawlins
711,Desdemona,Hamilton
712,Dermot,Croux
713,Felisha,Headford
714,Bambie,Ingarfield
715,Veronike,Megarry
716,Adolf,Buddock
717,Shelley,Hickeringill
718,Lacee,Klimus
719,Andrew,Boyford
720,Jessa,Toffel
721,Noelyn,Collinette
722,Dana,Colmore
723,Xever,Carruth
724,Haroun,Searchwell
725,Amelina,Crielly
726,Ryun,Beagin
727,Hanson,Surgison
728,Agnola,Hands
729,Bondon,Readie
730,Yard,Bridel
731,Richard,Jobey
732,Lynelle,Kubis
733,Madison,Treadwell
734,Eleni,Borland
735,Thornton,Bazoche
736,Chuck,Goldingay
737,Darline,Stummeyer
738,Myron,Boulding
739,Carey,McAvin
740,Cathyleen,Vowden
741,Benedikt,Reuven
742,Tiler,Blood
743,Adrian,Keling
744,Perrine,Widdowson
745,Phylis,Mallatratt
746,Chariot,Kopec
747,Barrie,Evason
748,Neile,Colbrun
749,Hardy,Spencook
750,Wendeline,Fireman
751,Omero,Veall
752,Maureene,Margiotta
753,Brnaba,Cabedo
754,Pablo,Lapree
755,Eldredge,Vergine
756,Kerianne,Limprecht
757,Nero,Benns
758,Wright,Merman
759,Vicky,Muldrew
760,Meg,Marusic
761,Estel,Elwin
762,Kristien,Frodsam
763,Christiane,Bergeau
764,Isiahi,Caunt
765,Hastie,Goligher
766,Reinhard,Shevlin
767,Gardiner,Haining
768,Chrisse,Tumility
769,Colet,Milius
770,Jerad,Rottenbury
771,Marketa,Abramski
772,Gelya,Boeter
773,Foster,Mollnar
774,Howard,Butt
775,Foster,Govini
776,Brantley,Friman
777,Lani,Vedeniktov
778,Vania,Demetr
779,Lexie,Offer
780,Skell,Jelf
781,Cristian,Yes
782,Lionel,Cruttenden
783,Bibbye,Lotterington
784,Leoine,Fanner
785,Louisette,Dudding
786,Jerrold,Francioli
787,Carine,Cockburn
788,Danika,Boncore
789,Clementia,Linnard
790,Bradney,Dyerson
791,Damiano,McClelland
792,Letti,Matczak
793,Yorke,Sleit
794,Gipsy,Thomel
795,Koral,Longridge
796,Flynn,Leonards
797,Mollee,Gipp
798,Lilia,Deverille
799,Philipa,Tregensoe
800,Wendeline,Roussell
801,Emilia,Avann
802,Arabel,Athowe
803,Antony,Milbourne
804,Nomi,McCormack
805,Amalle,Hanley
806,Reube,Ebbles
807,Karlens,McMaster
808,Gunter,Bines
809,Blaire,Snape
810,Griffy,Bushaway
811,Lawrence,Crasford
812,Dolorita,Brideau
813,Merilyn,Flaunier
814,Gare,Pfertner
815,Teddy,Emeline
816,Brody,Hutchcraft
817,Celina,Dunstone
818,Dov,Pearn
819,Fritz,Zamboniari
820,Gilbertina,Nicholl
821,Vivian,Wipper
822,Taite,Leeke
823,Miranda,Mathes
824,Delcine,Ivell
825,Haydon,Erangy
826,Kara-lynn,Thomazet
827,Nigel,Eccleston
828,Brand,Dakin
829,Lothaire,Damper
830,Dolli,Wimsett
831,Elnore,Baudinelli
832,Monique,Philpots
833,Letti,Eustace
834,Raff,Slisby
835,Horacio,Lehrahan
836,Lyell,Cutchie
837,Herold,Stendall
838,Stepha,Kenway
839,Gunner,Millen
840,Colet,Metts
841,Cookie,Norvel
842,Jaimie,Synke
843,Burgess,Lovstrom
844,Laina,Duignan
845,Dani,Biever
846,Ruthe,Carus
847,Candis,Francescozzi
848,Reinhold,Murdie
849,Cindie,Morsey
850,Georgine,Whitefoot
851,Bord,Skingle
852,Zed,Gillatt
853,Ingeborg,Backes
854,Margaretta,Sentinella
855,Maudie,Whitehair
856,Aldis,Lehrle
857,Simona,Svanetti
858,John,Pischel
859,Neysa,Kyteley
860,Isa,Poulston
861,Royce,Scates
862,Georgiana,Goodbanne
863,Jada,Iiannone
864,Homerus,Shepland
865,Skye,Ownsworth
866,Tammy,Grumbridge
867,Clotilda,Thomesson
868,Pacorro,Mechem
869,Romona,Kondratovich
870,Odilia,Crake
871,Winnie,Roly
872,Meggie,Fookes
873,Maure,Stubbins
874,Obediah,Chapple
875,Leyla,Barkaway
876,Latisha,Dibdale
877,Cass,Yosifov
878,Adi,Erni
879,Rena,Broadist
880,Natalya,Gleave
881,Tris,Conningham
882,Hannie,Kuhle
883,Had,Duffield
884,Stevana,Blogg
885,Law,Flounders
886,Burg,Waight
887,Nobie,Gammel
888,Aurelea,Martineau
889,Tish,Louis
890,Skell,Goult
891,Cynthia,Bembrick
892,Amble,Schroeder
893,Nealy,Tomkiss
894,Darrelle,Burcher
895,Robinet,Lanston
896,Issiah,Humphris
897,Berry,Sieghard
898,Suki,Stegel
899,Chick,Jedrychowski
900,Rita,Learmount
901,Laurice,Nanuccioi
902,Parke,Booton
903,Rory,Langcastle
904,Maje,De Bellis
905,Austina,Tweddell
906,Orelia,Benitez
907,Guilbert,Faccini
908,Klara,Ibbeson
909,Peirce,Hawking
910,Lyssa,Lantaff
911,Marchall,Blann
912,Ardine,Crack
913,Erminie,Romeril
914,Rozamond,Folds
915,Ida,Dullaghan
916,Lenci,Sprigin
917,Odille,Astill
918,Maxy,Davidov
919,Carmelia,Telezhkin
920,Zora,Rupp
921,Lisha,Slocomb
922,Frasier,Harry
923,Erhard,Glisane
924,Anthe,Latey
925,Rosalyn,Bompass
926,Karena,Wyd
927,Abe,Heaven
928,Jed,Normanville
929,Magdalene,Thay
930,Rivkah,Dunbleton
931,Odie,Lownie
932,Aubrey,Fish
933,Jarrid,Cardwell
934,Gertrud,Popescu
935,Giovanni,Ketteridge
936,Madella,Dark
937,Hyatt,Halliberton
938,Vilma,Spencelayh
939,Bone,Stroder
940,Delores,Pettisall
941,Brina,Bowland
942,Emiline,Hitzschke
943,Jarrod,Reedman
944,Madeleine,Yerrington
945,Shaylynn,Absolom
946,Magda,Uvedale
947,James,Pashby
948,Dyann,Trinke
949,Alvinia,Rickson
950,Con,Sutehall
951,Wilbert,Tubble
952,Martino,Height
953,Reeba,Jacqueminet
954,Edin,Winn
955,Nikkie,Todarini
956,Tedi,Thorlby
957,Glenden,Mucci
958,Balduin,Flasby
959,Jone,Cromarty
960,Adelina,Pencot
961,Cobby,Ruddlesden
962,Raoul,Lohden
963,Harrietta,Hiland
964,Daven,Casine
965,Beck,Husbands
966,Valeda,Nellen
967,Niko,Armatys
968,Grace,Daniell
969,Petronilla,Pilkinton
970,Jeanna,Edmott
971,Melvyn,Hopewell
972,Deonne,Derricoat
973,Meagan,O'Hannigan
974,Rosalia,Goffe
975,Myrtia,Hedaux
976,Melicent,Rehorek
977,Katrina,Gatman
978,Vergil,Churchward
979,Kinna,Cardero
980,Giacomo,Garrood
981,Davey,Minto
982,Ofelia,Thorndale
983,Deana,Cadle
984,Linette,Attawell
985,Tomlin,Pascho
986,Tammara,Remer
987,Cristionna,Olliar
988,Brinn,Gloy
989,Darice,Bingle
990,Aleda,Backshell
991,Elvira,Tregaskis
992,Jodi,Cicconetti
993,Delcine,Raymond
994,Lindsay,Crowden
995,Beatrix,McEllen
996,Miof mela,Kevis
997,Cozmo,Carnow
998,Franklyn,Wilkisson
999,Renelle,Dyton
1000,Karyl,Garron
